csemCur,csemGroupName,alpha,p0
5000195187,VINCE-P71-B72,0.002,3.4494687356351674
5000200795,VINCE-P71-L71MUHLB,0.002,3.5
5000253074,GEN.P-P61-B62-T2A,0.002,3.475975763189593
5000261916,SSAMO-P61-L61VAISE,0.002,3.4793743606191945
5000270722,CHARP-P71-L71ECHAL,0.002,3.253683295170631
5000270810,CHARP-P61-L61VAISE,0.002,3.428890870432997
5000764622,AVOI5-P71-BC71,0.002,3.441577178766657
5000764623,AVOI5-P71-BC71,0.002,3.4881120196115614
5000764624,AVOI5-P71-BC71,0.002,3.5
5000764625,AVOI5-P71-BC71,0.002,3.5
5000764632,AVOI5-P71-BC71,0.002,3.442776824082307
5000764633,AVOI5-P71-BC71,0.002,3.488683263219676
5000764634,AVOI5-P71-BC71,0.002,3.5
5000808065,AVOI5-P71-B71-S1.1,0.002,3.5
5000808066,AVOI5-P71-B71-S1.1,0.002,3.4204296225944337
5000808067,AVOI5-P71-B71-S1.1,0.002,3.259656358420644
5000808086,AVOI5-P71-B72-S2.1,0.002,3.42051642486848
5000808087,AVOI5-P71-B72-S2.1,0.002,3.2030637280666068
5000808088,AVOI5-P71-B72-S2.1,0.002,3.303993063826569
5000818455,AVOI5-P71-L73CHIN2,0.002,3.2915370417268655
5000818456,AVOI5-P71-L73CHIN2,0.002,3.5
5000818458,AVOI5-P71-L73CHIN2,0.002,3.5
5000818459,AVOI5-P71-L73CHIN2,0.002,3.4272863562600886
5000818460,AVOI5-P71-L73CHIN2,0.002,3.354724693052266
5000818461,AVOI5-P71-L73CHIN2,0.002,3.3871249487068007
5000818462,AVOI5-P71-L73CHIN2,0.002,3.367733215316061
5000818463,AVOI5-P71-L73CHIN2,0.002,3.5
5000818464,AVOI5-P71-L73CHIN2,0.002,3.5
5000818487,AVOI5-P71-L74CHIN2,0.002,3.2435879835727146
5000818489,AVOI5-P71-L74CHIN2,0.002,3.3083583403350714
5000818490,AVOI5-P71-L74CHIN2,0.002,3.3721029140331127
5000818491,AVOI5-P71-L74CHIN2,0.002,3.5
5000818492,AVOI5-P71-L74CHIN2,0.002,3.309223770234559
5000818493,AVOI5-P71-L74CHIN2,0.002,3.3073870614664442
5000818508,AVOI5-P71-L74CHIN2,0.002,3.4813751685461174
5000818509,AVOI5-P71-L74CHIN2,0.002,3.3759178578277718
5000818510,AVOI5-P71-L74CHIN2,0.002,3.5
5000818612,AVOI5-P71-L72G.AVO,0.0033131444992797188,3.3256237180910118
5000818614,AVOI5-P71-L72G.AVO,0.002,3.5
5000818616,AVOI5-P71-L72G.AVO,0.002,3.40287013392434
5000818622,AVOI5-P71-L72G.AVO,0.002,3.388526245633787
5000818628,AVOI5-P71-L72G.AVO,0.002,3.4776748795139767
5000818629,AVOI5-P71-L72G.AVO,0.002,3.4932447882259594
5000818630,AVOI5-P71-L72G.AVO,0.002,3.5
5000818631,AVOI5-P71-L72G.AVO,0.002,3.240415103480501
5000818632,AVOI5-P71-L72G.AVO,0.002,3.5
5000818634,AVOI5-P71-L72G.AVO,0.002,3.4917358569379124
5000818644,AVOI5-P71-L71G.AVO,0.002,3.413357353724098
5000818645,AVOI5-P71-L71G.AVO,0.002,3.4382076060996867
5000818646,AVOI5-P71-L71G.AVO,0.002,3.3518678692151918
5000818647,AVOI5-P71-L71G.AVO,0.0026869331868955475,3.5
5000818648,AVOI5-P71-L71G.AVO,0.002,3.5
5000818656,AVOI5-P71-L71G.AVO,0.002,3.448101315317275
5000818657,AVOI5-P71-L71G.AVO,0.002,3.5
5000818658,AVOI5-P71-L71G.AVO,0.002,3.5
5000818659,AVOI5-P71-L71G.AVO,0.002,3.5
5000818660,AVOI5-P71-L71G.AVO,0.002,3.5
5000818755,AVOI5-P71-L71G.AVO,0.002,3.4880310994973454
5000818757,AVOI5-P71-L71G.AVO,0.002,3.5
5000818758,AVOI5-P71-L71G.AVO,0.002,3.3624230621089555
5000818759,AVOI5-P71-L71G.AVO,0.002,3.5
5000818760,AVOI5-P71-L71G.AVO,0.002,3.428258595817607
5000834471,COULA-P71-L74CRUA5,0.002,3.4867333459854124
5000834472,COULA-P71-L74CRUA5,0.002,3.414808638773343
5000834473,COULA-P71-L74CRUA5,0.002,3.4107387367789275
5000834474,COULA-P71-L74CRUA5,0.002,3.4109705461899105
5000834475,COULA-P71-L74CRUA5,0.002,3.448216721913448
5000834476,COULA-P71-L74CRUA5,0.002,3.5
5000834477,COULA-P71-L74CRUA5,0.002,3.4702872437478782
5000834478,COULA-P71-L74CRUA5,0.002,3.4328064021090388
5000834479,COULA-P71-L74CRUA5,0.002,3.3547223483854336
5000834511,COULA-P71-L74CRUA5,0.002,3.482143624734962
5000834515,COULA-P71-L74CRUA5,0.002,3.485708288524462
5000834516,COULA-P71-L74CRUA5,0.002,3.35630223118358
5000834517,COULA-P71-L74CRUA5,0.002,3.4678966187273494
5000834518,COULA-P71-L74CRUA5,0.002,3.5
5000834519,COULA-P71-L74CRUA5,0.002,3.5
5000834520,COULA-P71-L74CRUA5,0.002,3.429227308143422
5000834521,COULA-P71-L74CRUA5,0.002,3.3859859154548175
5000834522,COULA-P71-L74CRUA5,0.002,3.4264044456273295
5000834559,COULA-P71-L73CRUA5,0.002,3.5
5000834560,COULA-P71-L73CRUA5,0.002,3.443401532480739
5000834561,COULA-P71-L73CRUA5,0.002,3.5
5000834562,DEP 400KV N0 3 CRUAS (-MEYSSE) POSTE COU,0.002,3.2
5000834563,COULA-P71-L73CRUA5,0.002,3.464399612602893
5000834564,COULA-P71-L73CRUA5,0.002,3.463143294565026
5000834578,DEP 400KV N0 3 CRUAS (-MEYSSE) POSTE COU,0.002,3.2
5000834579,DEP 400KV N0 3 CRUAS (-MEYSSE) POSTE COU,0.002,3.2
5000834580,DEP 400KV N0 3 CRUAS (-MEYSSE) POSTE COU,0.002,3.2
5000834581,COULA-P71-L73CRUA5,0.002,3.5
5000834582,COULA-P71-L73CRUA5,0.002,3.4925096596530047
5000834583,COULA-P71-L73CRUA5,0.002,3.361646614979285
5000834584,DEP 400KV N0 3 CRUAS (-MEYSSE) POSTE COU,0.002,3.2
5000834585,COULA-P71-L73CRUA5,0.002,3.3585326748780178
5000834586,COULA-P71-L73CRUA5,0.002,3.2
5000834587,DEP 400KV N0 3 CRUAS (-MEYSSE) POSTE COU,0.002,3.2
5000834588,DEP 400KV N0 3 CRUAS (-MEYSSE) POSTE COU,0.002,3.2
5000834589,DEP 400KV N0 3 CRUAS (-MEYSSE) POSTE COU,0.002,3.2
5000834687,COULA-P71-L72CRUA5,0.002,3.4718223423672625
5000834688,COULA-P71-L72CRUA5,0.002,3.5
5000834690,COULA-P71-L72CRUA5,0.002,3.3479516446089543
5000834691,COULA-P71-L72CRUA5,0.002,3.3809409510134483
5000834692,COULA-P71-L72CRUA5,0.002,3.421609341888803
5000834693,COULA-P71-L72CRUA5,0.002,3.3342132315758204
5000834694,COULA-P71-L72CRUA5,0.002,3.329609770012237
5000834695,COULA-P71-L72CRUA5,0.002,3.5
5000834696,COULA-P71-L72CRUA5,0.002,3.5
5000834697,COULA-P71-L72CRUA5,0.002,3.5
5000834698,COULA-P71-L72CRUA5,0.002,3.4997487617399536
5000834699,COULA-P71-L72CRUA5,0.002,3.438315102906354
5000834700,COULA-P71-L72CRUA5,0.004573589268027223,3.3873751400481438
5000834701,COULA-P71-L72CRUA5,0.002,3.4908081605580183
5000834714,COULA-P71-L72CRUA5,0.002,3.5
5000834715,COULA-P71-L72CRUA5,0.002,3.345899257136247
5000834716,COULA-P71-L72CRUA5,0.002,3.3599506868596567
5000834717,COULA-P71-L72CRUA5,0.002,3.5
5000834890,COULA-P71-L71CRUA5,0.002,3.4749425087435126
5000834891,COULA-P71-L71CRUA5,0.002,3.4613672098701818
5000834892,COULA-P71-L71CRUA5,0.002,3.4095026755563045
5000834894,COULA-P71-L71CRUA5,0.002,3.472499148726003
5000834895,COULA-P71-L71CRUA5,0.002,3.4790123196799856
5000834896,COULA-P71-L71CRUA5,0.002,3.3594587808012344
5000834897,COULA-P71-L71CRUA5,0.002,3.4881743778947922
5000834898,COULA-P71-L71CRUA5,0.002,3.5
5000834899,COULA-P71-L71CRUA5,0.002,3.5
5000834900,COULA-P71-L71CRUA5,0.002,3.5
5000834901,COULA-P71-L71CRUA5,0.002,3.3570452332939142
5000834902,COULA-P71-L71CRUA5,0.002,3.497887116756928
5000834915,COULA-P71-L71CRUA5,0.002,3.319329052420302
5000834916,COULA-P71-L71CRUA5,0.002,3.460091394349378
5000834917,COULA-P71-L71CRUA5,0.002,3.5
5000834918,COULA-P71-L71CRUA5,0.002,3.5
5000834919,COULA-P71-L71CRUA5,0.002,3.5
5000834920,COULA-P71-L71CRUA5,0.002,3.454623739250371
5000834963,COULA-P71-L70R0001,0.002,3.454790837927676
5000834964,COULA-P71-L70R0001,0.002,3.3857746312273855
5000834965,COULA-P71-L70R0001,0.002,3.338971945372495
5000834966,COULA-P71-L70R0001,0.002,3.35118132227578
5000834969,COULA-P71-L70R0001,0.002,3.26245911855283
5000842226,COULA-P71-T71AB,0.002,3.421897207605095
5000842227,COULA-P71-T71AB,0.002,3.425940077366283
5000842228,COULA-P71-T71AB,0.002,3.4322349601120297
5000842229,COULA-P71-T71AB,0.002,3.444213465264657
5000842233,COULA-P71-T71AB,0.002,3.432496901153764
5000842234,COULA-P71-T71AB,0.002,3.4194029364092597
5000842236,COULA-P71-T71AB,0.002,3.271431067188318
5000842237,COULA-P71-T71AB,0.002,3.4164090358007293
5000842238,COULA-P71-T71AB,0.002,3.4236984717916217
5000842239,COULA-P71-T71AB,0.002,3.431358141921231
5000842240,COULA-P71-T71AB,0.002,3.3561281680256343
5000842241,COULA-P71-T71AB,0.002,3.4507218705495735
5000842250,COULA-P71-T71AB,0.002,3.4525760029549644
5000842251,COULA-P71-T71AB,0.002,3.441056898317839
5000843191,COULA-P71-BC7A,0.002,3.4542489887792853
5000843192,COULA-P71-BC7A,0.002,3.435811270654729
5000843193,COULA-P71-BC7A,0.002,3.4323830188250852
5000843194,COULA-P71-BC7A,0.002,3.5
5000843195,COULA-P71-BC7A,0.002,3.4465150109735965
5000843196,COULA-P71-BC7A,0.002,3.223391941016923
5000843197,COULA-P71-BC7A,0.002,3.4109851332641843
5000843198,COULA-P71-BC7A,0.002,3.4463253777789706
5000843199,COULA-P71-BC7A,0.002,3.4474252503077993
5000843211,COULA-P71-BC7A,0.002,3.3718552574371157
5000843212,COULA-P71-BC7A,0.002,3.4496800479888914
5000843213,COULA-P71-BC7A,0.002,3.428294573878194
5000843214,COULA-P71-BC7A,0.002,3.3881848953403266
5000843215,COULA-P71-BC7A,0.002,3.3753726505480315
5000843216,COULA-P71-BC7A,0.002,3.443655604599598
5000873088,COULA-P71-B71-T1B,0.002,3.4076007208194516
5000873089,COULA-P71-B72-T2B,0.002,3.396627700579186
5000874088,COULA-P71-B72-T2B,0.002,3.3566050091724695
5000874092,COULA-P71-B72-T2B,0.002,3.4059042100026824
5000874093,COULA-P71-B72-T2B,0.002,3.4126356791760273
5000874144,COULA-P71-B71-T1B,0.002,3.5
5000874146,COULA-P71-B71-T1B,0.002,3.3810090169415825
5000874154,COULA-P71-B71-T1A,0.002,3.4631877484175124
5000874156,COULA-P71-B71-T1B,0.002,3.4641859228931255
5000874157,COULA-P71-B71-T1B,0.002,3.4549152972334523
5000874158,COULA-P71-B71-T1B,0.002,3.5
5000874160,COULA-P71-B71-T1A,0.002,3.478684003012521
5000874161,COULA-P71-B71-T1B,0.002,3.3335530695616242
5000874162,COULA-P71-B71-T1B,0.002,3.3210558300753377
5000874163,COULA-P71-B71-T1B,0.002,3.5
5000874164,COULA-P71-B71-T1B,0.002,3.206063827045615
5000874165,COULA-P71-B71-T1A,0.002,3.3420850242399425
5000874166,COULA-P71-B71-T1A,0.002,3.435623799787205
5000874169,COULA-P71-B71-T1B,0.002,3.5
5000874170,COULA-P71-B71-T1B,0.002,3.5
5000874174,COULA-P71-B72-T2A,0.002,3.4027998158327564
5000874175,COULA-P71-B72-T2B,0.002,3.3859879408593403
5000874176,COULA-P71-B72-T2B,0.002,3.4403363313430395
5000874177,COULA-P71-B72-T2B,0.002,3.3577219180286817
5000874180,COULA-P71-B72-T2A,0.002,3.439368263858816
5000874182,COULA-P71-B72-T2B,0.002,3.4291198521886708
5000874183,COULA-P71-B72-T2A,0.002,3.4644935403551376
5000874184,COULA-P71-B72-T2B,0.002,3.4986828435438344
5000874185,COULA-P71-B72-T2A,0.002,3.4621385642460414
5000874186,COULA-P71-B72-T2A,0.002,3.2759136308627914
5000874187,COULA-P71-B72-T2B,0.002,3.5
5000874188,COULA-P71-B72-T2B,0.002,3.402501137225659
5000874189,COULA-P71-B72-T2B,0.002,3.3432327789477565
5000874190,COULA-P71-B72-T2A,0.002,3.3519713059130494
5000874191,COULA-P71-B72-T2B,0.002,3.4144768463481556
5000874193,COULA-P71-B72-T2B,0.002,3.495671645918889
5000874194,COULA-P71-B72-T2B,0.002,3.3709160447409308
5000874195,COULA-P71-B72-T2B,0.002,3.423832262942463
5000874196,COULA-P71-B72-T2B,0.002,3.5
5000874204,COULA-P71-B72-T2B,0.002,3.372520332751067
5000874205,COULA-P71-B72-T2B,0.002,3.335432562084063
5000874206,COULA-P71-B72-T2B,0.002,3.3035804664684556
5000874207,COULA-P71-B72-T2A,0.002,3.5
5000874210,COULA-P71-B72-T2B,0.002,3.3452327832836435
5000874211,COULA-P71-B72-T2B,0.002,3.352934810484963
5000874212,COULA-P71-B72-T2B,0.002,3.474554639341177
5000874213,COULA-P71-B72-T2A,0.002,3.3475352452136953
5000874214,COULA-P71-B72-T2A,0.002,3.3550402742239736
5000874215,COULA-P71-B72-T2B,0.002,3.415739175479901
5000874224,COULA-P71-B71-T1B,0.002,3.373276312430628
5000874225,COULA-P71-B71-T1B,0.002,3.3413831997838037
5000874226,COULA-P71-B71-T1B,0.002,3.3053500020302597
5000874230,COULA-P71-B71-T1A,0.002,3.4431267570734674
5000874231,COULA-P71-B71-T1A,0.002,3.4056106682871867
5000874233,COULA-P71-B71-T1B,0.002,3.394645704139124
5000874235,COULA-P71-B71-T1A,0.002,3.4338408772508164
5000874236,COULA-P71-B71-T1B,0.002,3.272430221633156
5000874237,COULA-P71-B71-T1B,0.002,3.4390819632824643
5000874238,COULA-P71-B71-T1A,0.002,3.5
5000874239,COULA-P71-B71-T1B,0.002,3.357343416346277
5000874240,COULA-P71-B71-T1B,0.002,3.3301534925325953
5000874241,COULA-P71-B71-T1A,0.002,3.409932745827569
5000874243,COULA-P71-B71-T1B,0.002,3.3798269425037404
5000874244,COULA-P71-B71-T1B,0.002,3.288066683953981
5001303242,PENL5-P71-B72-T2A,0.002,3.3693953400038406
5001303243,PENL5-P71-B72-T2A,0.002,3.4505331883856476
5001303244,PENL5-P71-B72-T2B,0.002,3.4580462578297997
5001303245,PENL5-P71-B72-T2A,0.002,3.4433521267736116
5001303246,PENL5-P71-B72-T2A,0.002,3.4088452920950516
5001303247,PENL5-P71-B72,0.002,3.4108246684610575
5001303248,PENL5-P71-B72,0.002,3.440187463338586
5001303249,PENL5-P71-B72-T2B,0.002,3.2866121611779504
5001303250,PENL5-P71-B72-T2B,0.002,3.293859886544376
5001303251,PENL5-P71-B72-T2B,0.002,3.3579841660702323
5001303252,PENL5-P71-B72-T2B,0.002,3.2
5001303253,PENL5-P71-B72-T2B,0.002,3.409106026671083
5001303254,PENL5-P71-B72-T2B,0.002,3.329050751310583
5001303255,PENL5-P71-B72-T2B,0.002,3.38825189017503
5001303256,PENL5-P71-B72-T2A,0.002,3.481763573815663
5001303257,PENL5-P71-B72-T2A,0.002,3.2995872658396523
5001303258,PENL5-P71-B72-T2A,0.002,3.4184334288235996
5001303259,PENL5-P71-B72-T2A,0.002,3.4804668490951127
5001303260,PENL5-P71-B72,0.002,3.2574999928474426
5001303261,PENL5-P71-B72-T2B,0.002,3.4319082649660784
5001303262,PENL5-P71-B72-T2B,0.002,3.445015002193231
5001303263,PENL5-P71-B72-T2B,0.002,3.5
5001303264,PENL5-P71-B72,0.002,3.3073498851282346
5001303265,PENL5-P71-B72-T2A,0.002,3.4811219016600843
5001303266,PENL5-P71-B72-T2A,0.002,3.4466923082477376
5001303267,PENL5-P71-B72-T2A,0.002,3.3935551699945483
5001303268,PENL5-P71-B72-T2A,0.002,3.4921576684708953
5001303269,PENL5-P71-B72-T2A,0.002,3.366607208311478
5001303270,PENL5-P71-B72-T2A,0.002,3.4600458796225735
5001303312,PENL5-P71-B71-T1B,0.002,3.336821913426854
5001303313,PENL5-P71-B71-T1B,0.002,3.4738880617121244
5001303314,PENL5-P71-B71-T1B,0.002,3.2921368527402928
5001303315,PENL5-P71-B71-T1B,0.002,3.4673471314458264
5001303316,PENL5-P71-B71,0.002,3.4362963553992625
5001303317,PENL5-P71-B71-T1A,0.002,3.333747581143202
5001303318,PENL5-P71-B71-T1A,0.002,3.451556337590249
5001303319,PENL5-P71-B71-T1A,0.002,3.4829581059210484
5001303320,PENL5-P71-B71-T1A,0.002,3.2295813002609854
5001303321,PENL5-P71-B71-T1A,0.002,3.5
5001303322,PENL5-P71-B71-T1A,0.002,3.4192424953345095
5001303323,PENL5-P71-B71-T1A,0.002,3.4650077369804557
5001303324,PENL5-P71-B71-T1A,0.002,3.4151129841804506
5001303325,PENL5-P71-B71-T1A,0.002,3.3934166393003378
5001303326,PENL5-P71-B71-T1A,0.002,3.4028400914669037
5001303327,PENL5-P71-B71-T1B,0.002,3.4604486882623937
5001303328,PENL5-P71-B71-T1B,0.002,3.2714060242636602
5001303329,PENL5-P71-B71-T1B,0.002,3.3326718579167904
5001303330,PENL5-P71-B71-T1B,0.002,3.4328762005057847
5001303331,PENL5-P71-B71-T1A,0.002,3.4233763248623696
5001303332,PENL5-P71-B71-T1A,0.002,3.410207122502613
5001303338,PENL5-P71-B71-T1A,0.002,3.4311314776843482
5001303339,PENL5-P71-B71-T1A,0.002,3.41862621520157
5001303340,PENL5-P71-B71-T1A,0.002,3.4647119098872428
5001303341,PENL5-P71-B71-T1B,0.002,3.4869789236488735
5001303342,PENL5-P71-B71-T1B,0.0023750269986064533,3.346410054678774
5001303343,PENL5-P71-B71-T1B,0.002,3.316047046220277
5001303344,PENL5-P71-B71-T1B,0.002,3.5
5001303345,PENL5-P71-B71-T1B,0.002,3.4587086873873623
5001303346,PENL5-P71-B71-T1B,0.002,3.4616825724404956
5001303347,PENL5-P71-B71-T1B,0.003959433572421143,3.285062057329408
5001303348,PENL5-P71-B71-T1B,0.002,3.5
5001303349,PENL5-P71-B71-T1B,0.002,3.4635778983127197
5001303350,PENL5-P71-B71-T1B,0.002,3.4375735889462864
5001303351,PENL5-P71-B71-T1B,0.002,3.359267606578692
5001303352,PENL5-P71-B71,0.002,3.2
5001303353,PENL5-P71-B71,0.002,3.378623975058291
5001303354,PENL5-P71-B71-T1A,0.002,3.3472286814226293
5001303355,PENL5-P71-B71-T1A,0.002,3.5
5001303356,PENL5-P71-B71-T1A,0.002,3.2141815144927413
5001303357,PENL5-P71-B71-T1A,0.002,3.5
5001303358,PENL5-P71-B71-T1A,0.002,3.2030608883562355
5001303359,PENL5-P71-B71-T1A,0.002,3.45370051902372
5001303366,PENL5-P71-B72-T2B,0.002,3.4699685491019507
5001303367,PENL5-P71-B72-T2B,0.002,3.4512601094851765
5001303368,PENL5-P71-B72-T2B,0.002,3.2981903501621104
5001303369,PENL5-P71-B72-T2B,0.002,3.39333773635831
5001303370,PENL5-P71-B72-T2B,0.0021569187757615673,3.2790926901468906
5001303371,PENL5-P71-B72-T2B,0.002,3.408738451122235
5001303372,PENL5-P71-B72-T2B,0.002,3.382407499982027
5001303373,PENL5-P71-B72-T2B,0.002,3.228034287455214
5001303374,PENL5-P71-B72-T2B,0.002,3.316690243727772
5001303375,PENL5-P71-B72-T2B,0.002,3.4910466592562828
5001303376,PENL5-P71-B72,0.002,3.370378919024728
5001303377,PENL5-P71-B72-T2A,0.002,3.3471810470620573
5001303378,PENL5-P71-B72-T2A,0.002,3.3961532631962723
5001303379,PENL5-P71-B72-T2A,0.002,3.291347110827352
5001303380,PENL5-P71-B72-T2A,0.003242438723466384,3.264027124944551
5001303381,PENL5-P71-B72-T2A,0.002,3.4121654257060974
5001303382,PENL5-P71-B72-T2A,0.002,3.4459634530403127
5001303383,PENL5-P71-B72-T2A,0.002,3.420137510405785
5001303411,PENL5-P71-B71-T1B,0.002,3.4658619806995405
5001303412,PENL5-P71-B71-T1B,0.002,3.5
5001303413,PENL5-P71-B71,0.002,3.481360478113083
5001303414,PENL5-P71-B71,0.002,3.360494664308992
5001303415,PENL5-P71-B71,0.002,3.4728186166268595
5001303727,HAVR5-P61-B62-S2.1,0.002,3.2
5001303749,HAVR5-P71-B71-S1.1,0.002,3.3181909422876115
5001303754,HAVR5-P71-B71-S1.1,0.002,3.301140242885044
5001303777,HAVR5-P71-B72-S2.2,0.002,3.279497592175593
5001303847,HAVR5-P61-B61,0.002,3.257139778137207
5001303849,HAVR5-P61-B61-S1.1,0.002,3.2019533653781838
5001303983,CRETA-P61-B62-S2.1,0.002,3.4439705331310453
5001303984,CRETA-P61-B62-S2.1,0.002,3.467956414660475
5001304004,CRETA-P61-B61-S1.1,0.002,3.278607816322177
5001304005,CRETA-P61-B61-S1.1,0.0031162769817624602,3.3608898963049354
5001304006,CRETA-P61-B61-S1.1,0.002,3.355512968017782
5001304007,CRETA-P61-B61-S1.1,0.002,3.301524837739867
5001304008,CRETA-P61-B61-S1.1,0.002,3.3635475696661534
5001304018,CRETA-P61-B61-S1.1,0.002,3.3413511805550673
5001304019,CRETA-P61-B61-S1.1,0.002,3.4959288576374883
5001304020,CRETA-P61-B61-S1.1,0.002,3.5
5001304033,CRETA-P61-B61-S1.1,0.002,3.2081569026498236
5001304034,CRETA-P61-B61-S1.1,0.002,3.4664062820374966
5001304036,CRETA-P61-B61-S1.1,0.002,3.5
5001304037,CRETA-P61-B61-S1.1,0.002,3.2695979939566717
5001304058,CRETA-P61-B62-S2.1,0.002,3.5
5001304064,CRETA-P61-B62-S2.1,0.002,3.5
5001304066,CRETA-P61-B62-S2.1,0.002,3.4999595869267313
5001304139,CRETA-P61-B61-S1.1,0.002,3.4288076559702554
5001304140,CRETA-P61-B61-S1.1,0.002,3.5
5001319296,PENL5-P71-L72BARNA,0.0031140610391030446,3.218039015724223
5001319297,PENL5-P71-L72BARNA,0.002,3.3012672567519896
5001319298,PENL5-P71-L72BARNA,0.002,3.2215756126292807
5001319299,PENL5-P71-L72BARNA,0.002,3.4272573337244023
5001319300,PENL5-P71-L72BARNA,0.002,3.44263554886221
5001319301,PENL5-P71-L72BARNA,0.002,3.4256091349185693
5001319302,PENL5-P71-L72BARNA,0.002,3.4639702048152685
5001319303,PENL5-P71-L72BARNA,0.002,3.384605846791105
5001319304,PENL5-P71-L72BARNA,0.002,3.4535382325865234
5001319308,PENL5-P71-L72BARNA,0.002,3.5
5001319309,PENL5-P71-L72BARNA,0.002,3.395427647327787
5001319310,PENL5-P71-L72BARNA,0.002,3.4350866036800816
5001319311,PENL5-P71-L72BARNA,0.002,3.4367459794153468
5001319329,PENL5-P71-L72PENLY,0.002,3.5
5001319330,PENL5-P71-L72PENLY,0.002,3.2
5001319331,PENL5-P71-L72PENLY,0.002,3.2773920389477427
5001319332,PENL5-P71-L72PENLY,0.002,3.456779130594726
5001319333,PENL5-P71-L72PENLY,0.002,3.3188123026115326
5001319334,PENL5-P71-L72PENLY,0.002,3.444622769253513
5001319335,PENL5-P71-L72PENLY,0.002,3.5
5001319336,PENL5-P71-L72PENLY,0.002,3.3381132800912234
5001319337,PENL5-P71-L72PENLY,0.002,3.421053254465773
5001319338,PENL5-P71-L72PENLY,0.002,3.4347146499988646
5001319339,PENL5-P71-L72PENLY,0.002,3.4105413741931345
5001319340,PENL5-P71-L72PENLY,0.002,3.4641274092987673
5001319342,PENL5-P71-L72PENLY,0.002,3.4193127249232482
5001319343,PENL5-P71-L72PENLY,0.002,3.4497615741432566
5001319350,PENL5-P71-L72PENLY,0.002,3.5
5001319351,PENL5-P71-L72PENLY,0.0020460473166854904,3.3495609684077574
5001319352,PENL5-P71-L72PENLY,0.002,3.2825131505151623
5001319353,PENL5-P71-L72PENLY,0.002,3.454645657288401
5001319354,PENL5-P71-L72PENLY,0.002,3.4610028521096847
5001319355,PENL5-P71-L72PENLY,0.002,3.359936679238931
5001319356,PENL5-P71-L72PENLY,0.002,3.408821331372486
5001319357,PENL5-P71-L72PENLY,0.002,3.2361327845630705
5001319358,PENL5-P71-L72PENLY,0.002,3.319320607378381
5001319362,PENL5-P71-L71PENLY,0.002,3.3350518442767716
5001319363,PENL5-P71-L71PENLY,0.002,3.4416481392724174
5001319364,PENL5-P71-L71PENLY,0.002,3.249620077044094
5001319365,PENL5-P71-L71PENLY,0.002,3.4688381315192722
5001319366,PENL5-P71-L71PENLY,0.002,3.4224581745083773
5001319374,PENL5-P71-L71PENLY,0.002,3.386173764379506
5001319375,PENL5-P71-L71PENLY,0.002,3.4156398880538217
5001319383,PENL5-P71-L71LIMEU,0.002,3.3063798619622595
5001319384,PENL5-P71-L71LIMEU,0.002377364514393838,3.412527090517302
5001319385,PENL5-P71-L71LIMEU,0.002,3.3541728456181668
5001319386,PENL5-P71-L71LIMEU,0.002499143177253794,3.3582287141625313
5001319387,PENL5-P71-L71LIMEU,0.002,3.268097560838383
5001319388,PENL5-P71-L71LIMEU,0.002,3.2823916563226874
5001319389,PENL5-P71-L71LIMEU,0.002,3.374583152662982
5001319393,PENL5-P71-L71LIMEU,0.002,3.4223795284515157
5001319394,PENL5-P71-L71LIMEU,0.002,3.283336795600955
5001319395,PENL5-P71-L71LIMEU,0.002,3.2975405246137584
5001319408,PENL5-P71-L71LIMEU,0.002,3.490119433377892
5001319409,PENL5-P71-L71LIMEU,0.002,3.4189944513739414
5001319410,PENL5-P71-L71LIMEU,0.002,3.4008996005805545
5001319411,PENL5-P71-L71LIMEU,0.002,3.4224350075917354
5001319412,PENL5-P71-L71LIMEU,0.002,3.5
5001319413,PENL5-P71-L71LIMEU,0.002,3.399535434928338
5001319414,PENL5-P71-L71LIMEU,0.002,3.454608122116652
5001319415,PENL5-P71-L71LIMEU,0.002,3.4020415444819756
5001319420,PENL5-P71-L72BARNA,0.002,3.5
5001319421,PENL5-P71-L72BARNA,0.002,3.222922774131886
5001319422,PENL5-P71-L72BARNA,0.002,3.3675753227661196
5001319423,PENL5-P71-L72BARNA,0.002,3.3082931455404156
5001319424,PENL5-P71-L72BARNA,0.002,3.2641899900122002
5001319425,PENL5-P71-L72BARNA,0.002,3.4448254493599006
5001319426,PENL5-P71-L72BARNA,0.002,3.409794015613373
5001319427,PENL5-P71-L72BARNA,0.002,3.4449823345384387
5001319428,PENL5-P71-L71ARGOE,0.002,3.2693559960617042
5001319429,PENL5-P71-L71ARGOE,0.002,3.4856250137090683
5001319430,PENL5-P71-L71ARGOE,0.002,3.5
5001319431,PENL5-P71-L71ARGOE,0.002,3.4190776413924873
5001319432,PENL5-P71-L71ARGOE,0.002,3.3458285719227847
5001319433,PENL5-P71-L71ARGOE,0.002,3.5
5001319434,PENL5-P71-L71ARGOE,0.002,3.4117941292465837
5001319435,PENL5-P71-L71ARGOE,0.002,3.3856074363113122
5001319440,PENL5-P71-L71BARNA,0.002,3.360673974311981
5001319441,PENL5-P71-L71BARNA,0.002,3.465384922533994
5001319442,PENL5-P71-L71BARNA,0.002,3.4034792778967793
5001319443,PENL5-P71-L71BARNA,0.002,3.2
5001319444,PENL5-P71-L71BARNA,0.002,3.4116045758277598
5001319445,PENL5-P71-L71BARNA,0.002,3.4434028808303943
5001319446,PENL5-P71-L71BARNA,0.002,3.3376428305303536
5001319447,PENL5-P71-L71BARNA,0.002,3.4438342682268255
5001319448,PENL5-P71-L71BARNA,0.002,3.2200153016006277
5001319449,PENL5-P71-L71BARNA,0.002,3.2362438854673314
5001319450,PENL5-P71-L71BARNA,0.002,3.3076371917637384
5001319451,PENL5-P71-L71BARNA,0.002,3.421902667164552
5001319452,PENL5-P71-L71BARNA,0.002,3.5
5001319453,PENL5-P71-L71BARNA,0.002,3.3507337692925074
5001319454,PENL5-P71-L71BARNA,0.002,3.5
5001319455,PENL5-P71-L71BARNA,0.002,3.422144492554195
5001319456,PENL5-P71-L71BARNA,0.002,3.2935885798748528
5001319457,PENL5-P71-L71BARNA,0.002,3.2818340307760447
5001319461,PENL5-P71-L71BARNA,0.002,3.401760316889288
5001319462,PENL5-P71-L71BARNA,0.002,3.5
5001319463,PENL5-P71-L71BARNA,0.002,3.417172567552875
5001319480,PENL5-P71-L71PENLY,0.002,3.5
5001319481,PENL5-P71-L71PENLY,0.002,3.43682030416492
5001319482,PENL5-P71-L71PENLY,0.002,3.5
5001319483,PENL5-P71-L71PENLY,0.002,3.405989506888011
5001319490,PENL5-P71-L71PENLY,0.002,3.466130774349711
5001319493,PENL5-P71-L71PENLY,0.002,3.352356231017327
5001319535,PENL5-P71-L71ARGOE,0.002,3.325571807042082
5001319536,PENL5-P71-L71ARGOE,0.002,3.3927434622426236
5001319537,PENL5-P71-L71ARGOE,0.002,3.371407890549995
5001319538,PENL5-P71-L71ARGOE,0.002,3.4875080247338
5001319539,PENL5-P71-L71ARGOE,0.002,3.4150121469029666
5001319540,PENL5-P71-L71ARGOE,0.002,3.4329516768455504
5001319541,PENL5-P71-L71ARGOE,0.002718490896869729,3.381318558443774
5001319542,PENL5-P71-L71ARGOE,0.002,3.5
5001319546,PENL5-P71-L71ARGOE,0.002,3.4818369662369606
5001319547,PENL5-P71-L71ARGOE,0.002,3.407039505765981
5001319548,PENL5-P71-L71ARGOE,0.002,3.4292339384555817
5001319549,PENL5-P71-L71ARGOE,0.002,3.4255672471713177
5001319559,PENL5-P71-L71ARGOE,0.002,3.4518741668528143
5001323067,MALA6-P61-L61GAMBE,0.002,3.4582772327724256
5001323068,MALA6-P61-L61GAMBE,0.002,3.349799730168923
5001323069,MALA6-P61-L61GAMBE,0.002,3.5
5001323096,MALA6-P61-L61NATI3,0.002,3.455873947510995
5001323097,MALA6-P61-L61NATI3,0.002,3.3681619539464913
5001323098,MALA6-P61-L61NATI3,0.002,3.427131418004345
5001323099,MALA6-P61-L61NATI3,0.002,3.5
5001323100,MALA6-P61-L61NATI3,0.002,3.5
5001323101,MALA6-P61-L61NATI3,0.002,3.5
5001323102,MALA6-P61-L61NATI3,0.002,3.303117142483849
5001323103,MALA6-P61-L61NATI3,0.002,3.430333201478167
5001323105,MALA6-P61-L61NATI3,0.002,3.408917684378571
5001323106,MALA6-P61-L61NATI3,0.002,3.391421667812506
5001323107,MALA6-P61-L61NATI3,0.002,3.4322234503261706
5001323108,MALA6-P61-L61NATI3,0.002,3.4423131227993116
5001323109,MALA6-P61-L61NATI3,0.002,3.3508175378242298
5001323110,MALA6-P61-L61NATI3,0.002,3.46765819232558
5001323183,MALA6-P61-L61GAMBE,0.002,3.5
5001323184,MALA6-P61-L61GAMBE,0.002,3.5
5001323185,MALA6-P61-L61GAMBE,0.002,3.5
5001323186,MALA6-P61-L61GAMBE,0.002,3.4025965841192947
5001323187,MALA6-P61-L61GAMBE,0.002,3.427223267999391
5001323188,MALA6-P61-L61GAMBE,0.002,3.4878008561097427
5001323189,MALA6-P61-L61GAMBE,0.002,3.4431742114967174
5001323190,MALA6-P61-L61GAMBE,0.002,3.487683409429425
5001323191,MALA6-P61-L61GAMBE,0.002,3.431659131416393
5001323192,MALA6-P61-L61GAMBE,0.002,3.464940342424291
5001323193,MALA6-P61-L61GAMBE,0.002,3.5
5001323194,MALA6-P61-L61GAMBE,0.002,3.447998642627932
5001323196,MALA6-P61-L61GAMBE,0.002,3.445935467495421
5001323203,MALA6-P61-L61GAMBE,0.002,3.5
5001323204,MALA6-P61-L61GAMBE,0.002,3.5
5001324159,HAVR5-P71-L73ROUGE,0.002,3.2568548821505447
5001324162,HAVR5-P71-L73ROUGE,0.002,3.3185634621289744
5001324178,HAVR5-P71-L73ROUGE,0.002,3.317752116887357
5001324282,HAVR5-P71-L73ROUGE,0.002,3.2302242341062946
5001324283,HAVR5-P71-L73ROUGE,0.0037159217673892703,3.265833267498584
5001324287,HAVR5-P71-L73ROUGE,0.002,3.3283636640676133
5001324348,HAVR5-P71-L72ROUGE,0.0033380513475091272,3.3467385538054018
5001327591,CRETA-P61-L62CHEVI,0.002,3.4862602045247844
5001327592,CRETA-P61-L62CHEVI,0.002,3.5
5001327607,CRETA-P61-L62CHEVI,0.002,3.5
5001327608,CRETA-P61-L62CHEVI,0.002,3.385679702572127
5001327609,CRETA-P61-L62CHEVI,0.002,3.4827718714407006
5001327610,CRETA-P61-L62CHEVI,0.002,3.5
5001327611,CRETA-P61-L62CHEVI,0.002,3.3553621260957285
5001327612,CRETA-P61-L62CHEVI,0.002,3.350758776089824
5001327664,CRETA-P61-L61R.COT,0.002,3.5
5001327665,CRETA-P61-L61R.COT,0.002,3.5
5001327666,CRETA-P61-L61R.COT,0.002,3.4681211260291946
5001327667,CRETA-P61-L61R.COT,0.002,3.5
5001327671,CRETA-P61-L61TOLBI,0.002,3.403264548100369
5001327672,CRETA-P61-L61TOLBI,0.003184902911264389,3.3588707775212407
5001327673,CRETA-P61-L61TOLBI,0.002,3.4116387880233883
5001327674,CRETA-P61-L61TOLBI,0.002,3.4241854541866963
5001327679,CRETA-P61-L61TOLBI,0.002,3.5
5001327680,CRETA-P61-L61TOLBI,0.002,3.4828302050536535
5001327681,CRETA-P61-L61TOLBI,0.002,3.4558748116589824
5001327682,CRETA-P61-L61TOLBI,0.002,3.5
5001327697,CRETA-P61-L61TOLBI,0.002,3.4998793437444107
5001327698,CRETA-P61-L61TOLBI,0.002,3.3071138451458406
5001327699,CRETA-P61-L61TOLBI,0.002,3.425118027826198
5001327700,CRETA-P61-L61TOLBI,0.005475307877270959,3.3832400421490534
5001327703,CRETA-P61-L61TOLBI,0.002,3.3173159040924105
5001327705,CRETA-P61-L62CHEVI,0.002,3.3226506234848334
5001327706,CRETA-P61-L62CHEVI,0.002,3.4578807643427254
5001327707,CRETA-P61-L62CHEVI,0.002,3.5
5001327708,CRETA-P61-L62CHEVI,0.002,3.5
5001327709,CRETA-P61-L62CHEVI,0.002,3.5
5001327721,CRETA-P61-L62CHEVI,0.004915779333113841,3.4497876546154282
5001327722,CRETA-P61-L62CHEVI,0.002,3.4869702526556203
5001327735,CRETA-P61-L61CHEVI,0.002,3.434901266902326
5001327736,CRETA-P61-L61CHEVI,0.002,3.5
5001327766,CRETA-P61-L61R.COT,0.002,3.424518590503269
5001327767,CRETA-P61-L61R.COT,0.002,3.4836960555058565
5001327768,CRETA-P61-L61R.COT,0.002,3.5
5001327769,CRETA-P61-L61R.COT,0.002,3.429311482173989
5001327770,CRETA-P61-L61R.COT,0.002,3.439930932862418
5001327771,CRETA-P61-L61R.COT,0.002,3.4232781999523745
5001327776,CRETA-P61-L61R.COT,0.002,3.368340418159321
5001327777,CRETA-P61-L61R.COT,0.002,3.4674181222406206
5001327780,CRETA-P61-L61R.COT,0.002,3.24938068240881
5001327781,CRETA-P61-L61R.COT,0.002,3.4358568920403174
5001327782,CRETA-P61-L61R.COT,0.002,3.2340718812193407
5001327829,CRETA-P61-L61CHEVI,0.002,3.261729268720182
5001327831,CRETA-P61-L61CHEVI,0.002,3.5
5001327832,CRETA-P61-L61CHEVI,0.002,3.493790041509472
5001327833,CRETA-P61-L61CHEVI,0.002,3.4961694589752708
5001327834,CRETA-P61-L61CHEVI,0.002,3.5
5001327836,CRETA-P61-L61CHEVI,0.002,3.478767387545062
5001327837,CRETA-P61-L61CHEVI,0.002,3.5
5001327843,CRETA-P61-L61CHEVI,0.002,3.5
5001327844,CRETA-P61-L61CHEVI,0.002,3.5
5001327845,CRETA-P61-L61CHEVI,0.002,3.5
5001327846,CRETA-P61-L61CHEVI,0.002,3.3870521679757135
5001327847,CRETA-P61-L61CHEVI,0.002,3.4699470421482372
5001327849,CRETA-P61-L61CHEVI,0.002,3.5
5001335174,PENL5-P41-Y74241,0.002,3.4502803879142907
5001335212,PENL5-P71-Y74271,0.002,3.364354282651629
5001336242,MALA6-P61-Y61161,0.002,3.5
5001336243,MALA6-P61-Y61161,0.002,3.476894147958799
5001336250,MALA6-P61-Y61261,0.002,3.4888260664902333
5001336251,MALA6-P61-Y61261,0.002,3.5
5001336261,MALA6-P61-Y61261,0.002,3.3273875892497182
5001336262,MALA6-P61-Y61261,0.002,3.498623034217327
5001336263,MALA6-P61-Y61261,0.002,3.3430147004311803
5001336264,MALA6-P61-Y61261,0.002,3.471323763302873
5001336273,MALA6-P61-Y61361,0.002,3.5
5001336292,MALA6-P61-Y61361,0.002,3.375306904922239
5001336293,MALA6-P61-Y61361,0.002,3.4752317651938855
5001336294,MALA6-P61-Y61361,0.002,3.298222022833995
5001336295,MALA6-P61-Y61361,0.002,3.5
5001336296,MALA6-P61-Y61361,0.002,3.4237702764931983
5001336341,MALA6-P61-Y61161,0.002,3.4467450525416945
5001336342,MALA6-P61-Y61161,0.002,3.5
5001336349,MALA6-P61-Y61161,0.002,3.4478541723517484
5001336619,HAVR5-P61-Y76261,0.0034879134264826596,3.2
5001336668,HAVR5-P61-Y76361,0.002,3.25903471360604
5001341167,PENL5-P71-BC7B,0.002,3.492958186297399
5001341168,PENL5-P71-BC7B,0.002,3.3665021278514065
5001341263,PENL5-P71-BC7A,0.002,3.5
5001341746,HAVR5-P71-BC71,0.002,3.2517019717715687
5001341764,HAVR5-P71-BC71,0.002,3.2804569614036625
5001341860,HAVR5-P61-BC62,0.002,3.2608908346841035
5001342218,CRETA-P61-BC61,0.002,3.3718739192481855
5001342222,CRETA-P61-BC61,0.002,3.3731578298517175
5001342223,CRETA-P61-BC61,0.002,3.2322364209362457
5001342224,CRETA-P61-BC61,0.002,3.3703228571975035
5001342227,CRETA-P61-BC61,0.002,3.4618585369025516
5001342228,CRETA-P61-BC61,0.002,3.23898592708816
5001342229,CRETA-P61-BC61,0.002,3.470233946515803
5001390867,PENL5-P71-B72,0.002,3.4755941433242605
5001391168,CRETA-P61-B62-S2.1,0.002,3.5
5002029316,AVOI5-P71-L72G.AVO,0.002,3.5
5002029317,AVOI5-P71-L72G.AVO,0.002,3.5
5002029318,AVOI5-P71-L72G.AVO,0.002,3.5
5002343705,AVOI5-P71-L71G.AVO,0.002,3.386213766060014
5002343706,AVOI5-P71-L71G.AVO,0.002,3.3105796558269556
5002343707,AVOI5-P71-L71G.AVO,0.002,3.397010927183041
5002699073,PENL5-P71-L72PENLY,0.002,3.487829900318564
5002903325,CRETA-P61-L61CHEVI,0.002,3.5
5002903326,CRETA-P61-L61CHEVI,0.002,3.476518809174779
